segment,clients,avg_risk,avg_spend,avg_tickets,avg_satisfaction
0,368,0.5427635869565217,94.86410326086956,4.057065217391305,3.3722826086956523
1,553,0.4507414104882459,83.50383363471971,1.3616636528028934,4.233273056057866
2,579,0.5327616580310881,90.18932642487047,1.6839378238341969,1.689119170984456
